[
  {
    "id": "527fad0d-21c3-4c05-879a-060f3fa24116",
    "data": [
      {
        "text": "pouvez vous me dire comment",
        "userDefined": false
      }
    ],
    "isTemplate": false,
    "count": 0,
    "updated": 1544004295
  },
  {
    "id": "6ea8c0f4-35ae-4e1c-ac3e-31eb3eb5b033",
    "data": [
      {
        "text": "je ne sais pas utiliser le chat bot",
        "userDefined": false
      }
    ],
    "isTemplate": false,
    "count": 0,
    "updated": 1544004295
  },
  {
    "id": "8093f888-dc66-41f6-a306-70a1a9e75599",
    "data": [
      {
        "text": "comment j\u0027utilise le chat bot",
        "userDefined": false
      }
    ],
    "isTemplate": false,
    "count": 0,
    "updated": 1544004295
  },
  {
    "id": "cb40c40f-428b-448d-8a58-c6fb45822ab4",
    "data": [
      {
        "text": "aider",
        "meta": "@sys.ignore",
        "userDefined": false
      }
    ],
    "isTemplate": false,
    "count": 0,
    "updated": 1544004295
  },
  {
    "id": "a968e2f5-62cf-4a30-88eb-5592ddb60a99",
    "data": [
      {
        "text": "guider",
        "meta": "@sys.ignore",
        "userDefined": false
      }
    ],
    "isTemplate": false,
    "count": 0,
    "updated": 1544004295
  },
  {
    "id": "dafb9912-dc64-4651-b9c7-85f0bf953cec",
    "data": [
      {
        "text": "guide",
        "meta": "@sys.ignore",
        "userDefined": false
      }
    ],
    "isTemplate": false,
    "count": 0,
    "updated": 1544004295
  },
  {
    "id": "be7a3302-0c76-42c7-a1ca-ce597fbdd037",
    "data": [
      {
        "text": "pouvez vous m\u0027",
        "userDefined": false
      },
      {
        "text": "aider",
        "meta": "@sys.ignore",
        "userDefined": false
      }
    ],
    "isTemplate": false,
    "count": 0,
    "updated": 1544004295
  },
  {
    "id": "cefc443d-f9f1-4aa5-b065-448c4dc4b61b",
    "data": [
      {
        "text": "aidez-moi",
        "userDefined": false
      }
    ],
    "isTemplate": false,
    "count": 0,
    "updated": 1544004295
  },
  {
    "id": "56f85f1d-f213-4544-91d1-b7964e95cc20",
    "data": [
      {
        "text": "aide",
        "meta": "@sys.ignore",
        "userDefined": false
      }
    ],
    "isTemplate": false,
    "count": 0,
    "updated": 1544004295
  }
]