[
  {
    "id": "08974d18-4098-40c1-9142-3235c4881d2a",
    "data": [
      {
        "text": "alerter Pompiers",
        "userDefined": false
      }
    ],
    "isTemplate": false,
    "count": 0,
    "updated": 1543416985
  },
  {
    "id": "1336bcd1-807c-44f7-866e-eb74f39723c5",
    "data": [
      {
        "text": "alerter SAMU",
        "userDefined": false
      }
    ],
    "isTemplate": false,
    "count": 0,
    "updated": 1543416985
  },
  {
    "id": "67c7ebad-3d8e-4a42-bc44-977042f2ab60",
    "data": [
      {
        "text": "alerter urgence",
        "userDefined": false
      }
    ],
    "isTemplate": false,
    "count": 0,
    "updated": 1543416985
  },
  {
    "id": "3fe1b73a-8b81-409d-9fbc-ae4f0730805c",
    "data": [
      {
        "text": "envoyer SMS  aux urgences",
        "userDefined": false
      }
    ],
    "isTemplate": false,
    "count": 0,
    "updated": 1543416985
  },
  {
    "id": "46ec8aae-4012-41e3-b63d-487a90d70dab",
    "data": [
      {
        "text": "envoyer diagnostique",
        "userDefined": false
      }
    ],
    "isTemplate": false,
    "count": 0,
    "updated": 1543416985
  },
  {
    "id": "9a9ee7ef-5216-4011-a73a-62ac8c4b11ae",
    "data": [
      {
        "text": "transmettre le bilan par mail",
        "userDefined": false
      }
    ],
    "isTemplate": false,
    "count": 0,
    "updated": 1543416985
  },
  {
    "id": "89f21820-285c-417f-bb4a-3df4956196b1",
    "data": [
      {
        "text": "transmettre le bilan",
        "userDefined": false
      }
    ],
    "isTemplate": false,
    "count": 0,
    "updated": 1543416985
  },
  {
    "id": "977b8bc4-3b83-420d-8fd6-35e8c6f469b7",
    "data": [
      {
        "text": "envoyer bilan secouriste",
        "userDefined": false
      }
    ],
    "isTemplate": false,
    "count": 0,
    "updated": 1543416985
  },
  {
    "id": "753ef43f-b8bb-41cd-9902-835f3211b897",
    "data": [
      {
        "text": "prévenir les secours",
        "userDefined": false
      }
    ],
    "isTemplate": false,
    "count": 0,
    "updated": 1543416985
  },
  {
    "id": "64d978b5-f56d-46dc-bda1-cdad1b289568",
    "data": [
      {
        "text": "alerter",
        "userDefined": false
      }
    ],
    "isTemplate": false,
    "count": 0,
    "updated": 1543416985
  }
]