[
  {
    "id": "c84dc262-bcfe-4a6d-86ca-4ae79200c581",
    "data": [
      {
        "text": "bilan",
        "userDefined": false
      }
    ],
    "isTemplate": false,
    "count": 0,
    "updated": 1543501916
  },
  {
    "id": "ff09a214-12e0-4320-8f6d-50588d22ef30",
    "data": [
      {
        "text": "bilan envoyé par SMS   au secours",
        "userDefined": false
      }
    ],
    "isTemplate": false,
    "count": 0,
    "updated": 1543501916
  },
  {
    "id": "cd2147e4-6716-467b-9bdd-2de83d7097d3",
    "data": [
      {
        "text": "envoyer le bilan au secours",
        "userDefined": false
      }
    ],
    "isTemplate": false,
    "count": 0,
    "updated": 1543501916
  }
]