[
  {
    "id": "a682cd0a-02f8-4119-be39-e751071f091e",
    "data": [
      {
        "text": "envoyer le bilan",
        "userDefined": false
      }
    ],
    "isTemplate": false,
    "count": 0,
    "updated": 1544013201
  },
  {
    "id": "6d0f62f4-d9b6-4ff6-b0cc-3273e16521b7",
    "data": [
      {
        "text": "bilan",
        "userDefined": false
      }
    ],
    "isTemplate": false,
    "count": 0,
    "updated": 1544013201
  },
  {
    "id": "b053b922-2bf1-4aa1-b677-80d13a2efadf",
    "data": [
      {
        "text": "Envoyer bilan aux urgences",
        "userDefined": false
      }
    ],
    "isTemplate": false,
    "count": 0,
    "updated": 1543962165
  },
  {
    "id": "4e7db501-886e-4043-80f7-3b551070f375",
    "data": [
      {
        "text": "Envoyer bilan au SAMU",
        "userDefined": false
      }
    ],
    "isTemplate": false,
    "count": 0,
    "updated": 1543962165
  },
  {
    "id": "60e27de7-3e9a-44b1-89ef-6f781de6ee3e",
    "data": [
      {
        "text": "Prévenir les secours",
        "userDefined": false
      }
    ],
    "isTemplate": false,
    "count": 0,
    "updated": 1543962165
  },
  {
    "id": "66a0e757-9bd7-4e79-9420-a3c979ac2fe0",
    "data": [
      {
        "text": "Alerter",
        "userDefined": false
      }
    ],
    "isTemplate": false,
    "count": 0,
    "updated": 1543962165
  }
]