[
  {
    "id": "80e4a567-fa64-4f3a-9366-40ef2029f8b2",
    "data": [
      {
        "text": "elle a ",
        "userDefined": false
      },
      {
        "text": "une",
        "meta": "@sys.ignore",
        "userDefined": false
      },
      {
        "text": " brulure",
        "userDefined": false
      }
    ],
    "isTemplate": false,
    "count": 0,
    "updated": 1527117384
  },
  {
    "id": "fc3cee7d-56f0-44de-994e-9227cb30745c",
    "data": [
      {
        "text": "elle s\u0027est brulé",
        "userDefined": false
      }
    ],
    "isTemplate": false,
    "count": 0,
    "updated": 1527117384
  }
]