[
  {
    "id": "ccee4bc8-d224-4800-bf98-3cab986e79b6",
    "data": [
      {
        "text": "Je suis témoin d\u0027un accident",
        "userDefined": false
      }
    ],
    "isTemplate": false,
    "count": 0,
    "updated": 1527204431
  },
  {
    "id": "30e872e2-cbc6-4272-b7f3-d4349dcf8cca",
    "data": [
      {
        "text": "Il y a un malaise",
        "userDefined": false
      }
    ],
    "isTemplate": false,
    "count": 0,
    "updated": 1527204619
  },
  {
    "id": "6d3dcf71-cd1f-4c71-94b2-5c75964c8ffc",
    "data": [
      {
        "text": "Bonjour, ",
        "userDefined": false
      },
      {
        "text": "une",
        "meta": "@sys.ignore",
        "userDefined": false
      },
      {
        "text": " personne vient de faire ",
        "userDefined": false
      },
      {
        "text": "un",
        "meta": "@sys.ignore",
        "userDefined": false
      },
      {
        "text": " malaise devant ",
        "userDefined": false
      },
      {
        "text": "moi",
        "meta": "@sys.ignore",
        "userDefined": false
      }
    ],
    "isTemplate": false,
    "count": 0,
    "updated": 1527113727
  },
  {
    "id": "0d69f60a-6cc5-4cde-94da-b0888830ac24",
    "data": [
      {
        "text": "Je suis témoin d\u0027",
        "userDefined": false
      },
      {
        "text": "un",
        "meta": "@sys.ignore",
        "userDefined": false
      },
      {
        "text": " malaise",
        "userDefined": false
      }
    ],
    "isTemplate": false,
    "count": 0,
    "updated": 1527113791
  },
  {
    "id": "46563cee-0951-4380-83bd-b18da0617561",
    "data": [
      {
        "text": "Une",
        "meta": "@sys.ignore",
        "userDefined": false
      },
      {
        "text": " personne vient de perdre connaissance",
        "userDefined": false
      }
    ],
    "isTemplate": false,
    "count": 0,
    "updated": 1527113791
  }
]