[
  {
    "id": "7c0a9a6d-d072-4e50-a06e-59f8df1d68be",
    "data": [
      {
        "text": "checklist",
        "userDefined": false
      }
    ],
    "isTemplate": false,
    "count": 0,
    "updated": 1543486674
  },
  {
    "id": "e720139a-f39f-4868-bac5-677a5561c426",
    "data": [
      {
        "text": "assistant secouriste",
        "userDefined": false
      }
    ],
    "isTemplate": false,
    "count": 0,
    "updated": 1543409614
  },
  {
    "id": "4d0dd256-9f10-417d-bac4-1e3b2361bff5",
    "data": [
      {
        "text": "assistant-secouriste",
        "userDefined": false
      }
    ],
    "isTemplate": false,
    "count": 1,
    "updated": 1543409614
  },
  {
    "id": "acadce29-1dea-4e48-8128-b58467b5baf4",
    "data": [
      {
        "text": "mode",
        "meta": "@sys.ignore",
        "userDefined": false
      },
      {
        "text": " assistant-secouriste",
        "userDefined": false
      }
    ],
    "isTemplate": false,
    "count": 0,
    "updated": 1543353578
  },
  {
    "id": "04219c9f-6cec-407a-8ca3-9cc1db4407e7",
    "data": [
      {
        "text": "mode",
        "meta": "@sys.ignore",
        "userDefined": false
      },
      {
        "text": " assistant",
        "userDefined": false
      }
    ],
    "isTemplate": false,
    "count": 0,
    "updated": 1543353578
  },
  {
    "id": "69ef0c4d-accc-4f98-bca7-d5f7f3c4dc61",
    "data": [
      {
        "text": "assistant",
        "userDefined": false
      }
    ],
    "isTemplate": false,
    "count": 1,
    "updated": 1543409614
  }
]