[
  {
    "id": "be94a7ce-9783-4788-bea7-1e5010ee0038",
    "data": [
      {
        "text": "non",
        "userDefined": false
      }
    ],
    "isTemplate": false,
    "count": 3,
    "updated": 1527229417
  },
  {
    "id": "403e93d7-4487-48f2-a479-4ef600b0a05b",
    "data": [
      {
        "text": "non plus",
        "userDefined": false
      }
    ],
    "isTemplate": false,
    "count": 0,
    "updated": 1527229746
  },
  {
    "id": "41b4861b-3b26-4947-acf4-3e5f595e4e86",
    "data": [
      {
        "text": "non elle ne respire pas",
        "userDefined": false
      }
    ],
    "isTemplate": false,
    "count": 0,
    "updated": 1527229417
  },
  {
    "id": "226cd7a1-2dd3-4744-9a16-53e1898bf0db",
    "data": [
      {
        "text": "je ne crois pas",
        "userDefined": false
      }
    ],
    "isTemplate": false,
    "count": 2,
    "updated": 1527229417
  },
  {
    "id": "60a6cdd9-433e-4088-995d-442a9fb79cae",
    "data": [
      {
        "text": "pas vraiment",
        "userDefined": false
      }
    ],
    "isTemplate": false,
    "count": 0,
    "updated": 1527229417
  }
]