[
  {
    "id": "2b039d77-b337-4a2c-a660-13c0fe1c380d",
    "data": [
      {
        "text": "une",
        "meta": "@sys.ignore",
        "userDefined": false
      },
      {
        "text": " victime",
        "userDefined": false
      }
    ],
    "isTemplate": false,
    "count": 0,
    "updated": 1543181951
  },
  {
    "id": "29006a3e-ebe9-4f71-adfc-bc4fd716dfa4",
    "data": [
      {
        "text": "je suis ",
        "userDefined": false
      },
      {
        "text": "une",
        "meta": "@sys.ignore",
        "userDefined": false
      },
      {
        "text": " victime",
        "userDefined": false
      }
    ],
    "isTemplate": false,
    "count": 0,
    "updated": 1543181951
  },
  {
    "id": "f80a6d3c-d5f5-4586-9e82-a163d55c7d24",
    "data": [
      {
        "text": "victime",
        "userDefined": false
      }
    ],
    "isTemplate": false,
    "count": 0,
    "updated": 1543181951
  }
]