[
  {
    "id": "840c7ede-53b1-49a9-b848-1b12b74b41a3",
    "data": [
      {
        "text": "témoin",
        "userDefined": false
      }
    ],
    "isTemplate": false,
    "count": 0,
    "updated": 1543182334
  },
  {
    "id": "f69fb77b-6e95-4b43-a902-1702c0bca2f2",
    "data": [
      {
        "text": "un témoin",
        "userDefined": false
      }
    ],
    "isTemplate": false,
    "count": 0,
    "updated": 1543182334
  },
  {
    "id": "6a90dd08-9440-43fb-81a8-277dfbf9377e",
    "data": [
      {
        "text": "je suis un témoin",
        "userDefined": false
      }
    ],
    "isTemplate": false,
    "count": 1,
    "updated": 1543182334
  }
]