[
  {
    "id": "7725deb7-aca0-40cb-b5f3-ae7a77b86a50",
    "data": [
      {
        "text": "coucou",
        "userDefined": false
      }
    ],
    "isTemplate": false,
    "count": 0,
    "updated": 1542406165
  },
  {
    "id": "25bbf213-7e72-4a77-9021-12cc1aa51e79",
    "data": [
      {
        "text": "bonsoir",
        "userDefined": false
      }
    ],
    "isTemplate": false,
    "count": 0,
    "updated": 1542406165
  },
  {
    "id": "50777c7f-fed2-44c2-baac-0d013db2f1b8",
    "data": [
      {
        "text": "hola",
        "userDefined": false
      }
    ],
    "isTemplate": false,
    "count": 0,
    "updated": 1542406165
  },
  {
    "id": "b67761f8-9a42-45bc-8375-fecea87ade82",
    "data": [
      {
        "text": "hey",
        "userDefined": false
      }
    ],
    "isTemplate": false,
    "count": 0,
    "updated": 1542406165
  },
  {
    "id": "6dc2b1d9-2bbe-4a71-95bd-5e8da7bd96de",
    "data": [
      {
        "text": "hi",
        "userDefined": false
      }
    ],
    "isTemplate": false,
    "count": 0,
    "updated": 1542406165
  },
  {
    "id": "0a97637c-a2a1-4eff-ac3b-3e34cba2a02a",
    "data": [
      {
        "text": "salut",
        "userDefined": false
      }
    ],
    "isTemplate": false,
    "count": 0,
    "updated": 1542406165
  },
  {
    "id": "29e04df0-45c0-448a-8e33-89207296a262",
    "data": [
      {
        "text": "boujour à vous",
        "userDefined": false
      }
    ],
    "isTemplate": false,
    "count": 0,
    "updated": 1542406165
  },
  {
    "id": "adf90014-5765-4120-a09d-deaafc715a30",
    "data": [
      {
        "text": "bonjour à toi",
        "userDefined": false
      }
    ],
    "isTemplate": false,
    "count": 0,
    "updated": 1543182527
  },
  {
    "id": "0256304b-166d-47a0-a082-74d2e87a4dd5",
    "data": [
      {
        "text": "Salutations",
        "userDefined": false
      }
    ],
    "isTemplate": false,
    "count": 0,
    "updated": 1543871487
  },
  {
    "id": "0179b1ca-17e3-4f67-8c75-685ec0aa0341",
    "data": [
      {
        "text": "salutation",
        "userDefined": false
      }
    ],
    "isTemplate": false,
    "count": 0,
    "updated": 1543871487
  },
  {
    "id": "72acef25-b96d-431e-9370-dd210db05160",
    "data": [
      {
        "text": "J\u0027ai besoin d\u0027aide",
        "userDefined": false
      }
    ],
    "isTemplate": false,
    "count": 0,
    "updated": 1543871487
  },
  {
    "id": "c2ae7931-014c-4bd9-a5bb-03f6e5522c4f",
    "data": [
      {
        "text": "Bonjour",
        "userDefined": false
      }
    ],
    "isTemplate": false,
    "count": 0,
    "updated": 1543871487
  },
  {
    "id": "3ced23a7-0199-4713-9a46-4d75d00a288a",
    "data": [
      {
        "text": "à l\u0027aide",
        "userDefined": false
      }
    ],
    "isTemplate": false,
    "count": 0,
    "updated": 1543871487
  },
  {
    "id": "68fad682-8a16-4049-9a43-ed4dd3b0cf07",
    "data": [
      {
        "text": "De l\u0027aide",
        "userDefined": false
      }
    ],
    "isTemplate": false,
    "count": 0,
    "updated": 1543871487
  },
  {
    "id": "2b9011d5-feaf-4bdb-a60b-3da7b7838782",
    "data": [
      {
        "text": "Médé Médé",
        "userDefined": false
      }
    ],
    "isTemplate": false,
    "count": 0,
    "updated": 1543871487
  },
  {
    "id": "4d125fbd-7209-4297-af0e-60c3d7c3f94e",
    "data": [
      {
        "text": "SOS",
        "userDefined": false
      }
    ],
    "isTemplate": false,
    "count": 0,
    "updated": 1543871487
  },
  {
    "id": "3336cd4c-5a9e-41e1-9076-d5a14b57a3f8",
    "data": [
      {
        "text": "Aidez ",
        "userDefined": false
      },
      {
        "text": "moi",
        "meta": "@sys.ignore",
        "userDefined": false
      }
    ],
    "isTemplate": false,
    "count": 0,
    "updated": 1543871487
  },
  {
    "id": "09ed0baa-2723-4e75-aaf5-6e5a2ed9c8bf",
    "data": [
      {
        "text": "Au secours",
        "userDefined": false
      }
    ],
    "isTemplate": false,
    "count": 0,
    "updated": 1543871487
  }
]