[
  {
    "id": "7506ddac-c56c-441a-bd0e-af94e1a6b215",
    "data": [
      {
        "text": "coucou",
        "userDefined": false
      }
    ],
    "isTemplate": false,
    "count": 0,
    "updated": 1542406165
  },
  {
    "id": "db48998d-becc-4727-b5b9-95c17fbdeed3",
    "data": [
      {
        "text": "bonsoir",
        "userDefined": false
      }
    ],
    "isTemplate": false,
    "count": 0,
    "updated": 1542406165
  },
  {
    "id": "33df1c22-78d3-4315-bca4-40755a42551d",
    "data": [
      {
        "text": "hola",
        "userDefined": false
      }
    ],
    "isTemplate": false,
    "count": 0,
    "updated": 1542406165
  },
  {
    "id": "022fb11e-782e-4fed-81fe-d4db500bc0f1",
    "data": [
      {
        "text": "hey",
        "userDefined": false
      }
    ],
    "isTemplate": false,
    "count": 0,
    "updated": 1542406165
  },
  {
    "id": "69144e8a-d6b8-43a0-a459-494719a3e547",
    "data": [
      {
        "text": "hi",
        "userDefined": false
      }
    ],
    "isTemplate": false,
    "count": 0,
    "updated": 1542406165
  },
  {
    "id": "750b1424-6bbd-4ad6-bd8a-591b71a8ec0c",
    "data": [
      {
        "text": "salut",
        "userDefined": false
      }
    ],
    "isTemplate": false,
    "count": 0,
    "updated": 1542406165
  },
  {
    "id": "4511ec08-2bf7-409a-aa88-4176de4a3fa4",
    "data": [
      {
        "text": "boujour à vous",
        "userDefined": false
      }
    ],
    "isTemplate": false,
    "count": 0,
    "updated": 1542406165
  },
  {
    "id": "f4420793-c215-465c-80f7-48e5f4607c44",
    "data": [
      {
        "text": "bonjour à toi",
        "userDefined": false
      }
    ],
    "isTemplate": false,
    "count": 0,
    "updated": 1543182527
  },
  {
    "id": "7f9164bb-cc98-4044-ac7e-ed82a63cf357",
    "data": [
      {
        "text": "Salutations",
        "userDefined": false
      }
    ],
    "isTemplate": false,
    "count": 0,
    "updated": 1543182527
  },
  {
    "id": "1ee4a28a-14ee-41cd-86e1-8de5461ccde5",
    "data": [
      {
        "text": "salutation",
        "userDefined": false
      }
    ],
    "isTemplate": false,
    "count": 0,
    "updated": 1543182527
  },
  {
    "id": "102e2140-c1f1-4b91-b72c-8dba186aa072",
    "data": [
      {
        "text": "J\u0027ai besoin d\u0027aide",
        "userDefined": false
      }
    ],
    "isTemplate": false,
    "count": 0,
    "updated": 1543182527
  },
  {
    "id": "9d7b6c4f-68d9-49a6-b12d-683b5603e5b1",
    "data": [
      {
        "text": "Bonjour",
        "userDefined": false
      }
    ],
    "isTemplate": false,
    "count": 0,
    "updated": 1543182527
  },
  {
    "id": "8a68753c-384a-4acf-989c-79a271fdd194",
    "data": [
      {
        "text": "à l\u0027aide",
        "userDefined": false
      }
    ],
    "isTemplate": false,
    "count": 0,
    "updated": 1543182527
  },
  {
    "id": "fbd4f41e-c1fa-4137-929c-aae15732a18f",
    "data": [
      {
        "text": "De l\u0027aide",
        "userDefined": false
      }
    ],
    "isTemplate": false,
    "count": 0,
    "updated": 1543182527
  },
  {
    "id": "030de8c8-bf86-462c-a8b1-e137f539c679",
    "data": [
      {
        "text": "Médé Médé",
        "userDefined": false
      }
    ],
    "isTemplate": false,
    "count": 0,
    "updated": 1543182527
  },
  {
    "id": "8b4c3f1e-edba-45d8-ac23-957b286c590e",
    "data": [
      {
        "text": "SOS",
        "userDefined": false
      }
    ],
    "isTemplate": false,
    "count": 0,
    "updated": 1543182527
  },
  {
    "id": "1c79e290-58b5-4d6b-a197-da774a1e2412",
    "data": [
      {
        "text": "Aidez ",
        "userDefined": false
      },
      {
        "text": "moi",
        "meta": "@sys.ignore",
        "userDefined": false
      }
    ],
    "isTemplate": false,
    "count": 0,
    "updated": 1543182527
  },
  {
    "id": "718be37c-5975-4c1b-9633-5cff5c66d116",
    "data": [
      {
        "text": "Au secours",
        "userDefined": false
      }
    ],
    "isTemplate": false,
    "count": 0,
    "updated": 1543182527
  }
]