[
  {
    "id": "f785fe50-942e-4c16-a3c1-c5dd385aca09",
    "data": [
      {
        "text": "formateur",
        "userDefined": false
      }
    ],
    "isTemplate": false,
    "count": 0,
    "updated": 1543407356
  },
  {
    "id": "d0556ed2-f651-48f6-bee5-b82e1e9bf68f",
    "data": [
      {
        "text": "mode",
        "meta": "@sys.ignore",
        "userDefined": false
      },
      {
        "text": " formation",
        "userDefined": false
      }
    ],
    "isTemplate": false,
    "count": 0,
    "updated": 1543354898
  },
  {
    "id": "be6f1ec8-a00c-4980-8ecf-41417dfd9dcc",
    "data": [
      {
        "text": "mode",
        "meta": "@sys.ignore",
        "userDefined": false
      },
      {
        "text": " formateur",
        "userDefined": false
      }
    ],
    "isTemplate": false,
    "count": 0,
    "updated": 1543354898
  },
  {
    "id": "668cc524-04e7-4c7a-84b5-1ae10fe2906b",
    "data": [
      {
        "text": "formation",
        "userDefined": false
      }
    ],
    "isTemplate": false,
    "count": 1,
    "updated": 1543354898
  }
]