[
  {
    "id": "e57cb52b-759d-4fc3-a1db-40362c7e1c03",
    "data": [
      {
        "text": "daccord",
        "userDefined": false
      }
    ],
    "isTemplate": false,
    "count": 0,
    "updated": 1542402933
  },
  {
    "id": "00254446-232d-40ae-895d-16eeaea03b28",
    "data": [
      {
        "text": "OK",
        "userDefined": false
      }
    ],
    "isTemplate": false,
    "count": 0,
    "updated": 1542402933
  },
  {
    "id": "ec2e76d5-c36a-450c-83ed-dbeefdd8f8ea",
    "data": [
      {
        "text": "c\u0027est fait",
        "userDefined": false
      }
    ],
    "isTemplate": false,
    "count": 0,
    "updated": 1542402933
  },
  {
    "id": "38cb390a-04c3-47f3-89b7-903478398da4",
    "data": [
      {
        "text": "ça y est",
        "userDefined": false
      }
    ],
    "isTemplate": false,
    "count": 0,
    "updated": 1542402933
  },
  {
    "id": "5c489566-3265-4bcf-95ce-9065596d2c5b",
    "data": [
      {
        "text": "fait",
        "userDefined": false
      }
    ],
    "isTemplate": false,
    "count": 0,
    "updated": 1542402933
  },
  {
    "id": "379dec42-27ea-4f34-84ea-ee22de9ec39d",
    "data": [
      {
        "text": "GPS",
        "meta": "@sys.ignore",
        "userDefined": false
      },
      {
        "text": " activé",
        "userDefined": false
      }
    ],
    "isTemplate": false,
    "count": 0,
    "updated": 1542402933
  },
  {
    "id": "a031a6e4-2b9a-4c0b-a10a-f3b403744ad1",
    "data": [
      {
        "text": "oui",
        "userDefined": false
      }
    ],
    "isTemplate": false,
    "count": 0,
    "updated": 1542402933
  }
]