[
  {
    "id": "23433969-378a-43df-a79e-ca44025d8b56",
    "data": [
      {
        "text": "non",
        "userDefined": false
      }
    ],
    "isTemplate": false,
    "count": 3,
    "updated": 1527198853
  },
  {
    "id": "a1abfb93-0c89-4652-b89c-8e6e8d49a177",
    "data": [
      {
        "text": "ne le fais pas",
        "userDefined": false
      }
    ],
    "isTemplate": false,
    "count": 1,
    "updated": 1527198853
  },
  {
    "id": "58c3a42e-cc8b-4622-b467-f263b7d6291c",
    "data": [
      {
        "text": "pas besoin je connais déjà la procédure",
        "userDefined": false
      }
    ],
    "isTemplate": false,
    "count": 0,
    "updated": 1527198853
  },
  {
    "id": "978ff555-b391-4244-b3f5-1ca0e43e2256",
    "data": [
      {
        "text": "je ne crois pas",
        "userDefined": false
      }
    ],
    "isTemplate": false,
    "count": 2,
    "updated": 1527198853
  },
  {
    "id": "adde438b-5606-44a9-9007-34b397a3eca7",
    "data": [
      {
        "text": "pas vraiment",
        "userDefined": false
      }
    ],
    "isTemplate": false,
    "count": 0,
    "updated": 1527198853
  },
  {
    "id": "d09ca9bb-6cdb-4ef5-a065-87ee3e7c2eaa",
    "data": [
      {
        "text": "non merci",
        "userDefined": false
      }
    ],
    "isTemplate": false,
    "count": 2,
    "updated": 1527198853
  },
  {
    "id": "05c09337-bf76-4b4e-b470-7be39c86b72e",
    "data": [
      {
        "text": "ça ne m\u0027intéresse pas",
        "userDefined": false
      }
    ],
    "isTemplate": false,
    "count": 0,
    "updated": 1527198853
  },
  {
    "id": "7ab53cd1-231e-44d1-bd66-7d2990849389",
    "data": [
      {
        "text": "je n\u0027en veux pas",
        "userDefined": false
      }
    ],
    "isTemplate": false,
    "count": 0,
    "updated": 1527198853
  }
]