[
  {
    "id": "8475546d-4616-44d9-a8a4-77c1f842bf69",
    "data": [
      {
        "text": "la victime se sert la poitrine",
        "userDefined": false
      }
    ],
    "isTemplate": false,
    "count": 0,
    "updated": 1527197612
  },
  {
    "id": "2955406e-0673-4f54-ab4c-684113d19901",
    "data": [
      {
        "text": "elle se sert la poitrine",
        "userDefined": false
      }
    ],
    "isTemplate": false,
    "count": 0,
    "updated": 1527117611
  },
  {
    "id": "523b5ade-8425-47eb-8a9e-65d46dd45516",
    "data": [
      {
        "text": "c\u0027est le coeur",
        "userDefined": false
      }
    ],
    "isTemplate": false,
    "count": 0,
    "updated": 1527117611
  },
  {
    "id": "f512a6f2-70f0-485f-bf3d-95dee68c67ac",
    "data": [
      {
        "text": "malaise cardiaque",
        "userDefined": false
      }
    ],
    "isTemplate": false,
    "count": 0,
    "updated": 1527117611
  },
  {
    "id": "2ef63468-fc7d-41ce-b992-3a3f59d6683a",
    "data": [
      {
        "text": "elle se sent compressé au niveau du coeur",
        "userDefined": false
      }
    ],
    "isTemplate": false,
    "count": 0,
    "updated": 1527117611
  },
  {
    "id": "abc03ab9-be73-4703-aaf3-c9c49eb41d18",
    "data": [
      {
        "text": "elle a mal à la poitrine",
        "userDefined": false
      }
    ],
    "isTemplate": false,
    "count": 0,
    "updated": 1527117611
  }
]