[
  {
    "id": "62ff4874-8360-4b18-bd82-04a834aa798f",
    "data": [
      {
        "text": "menu ",
        "userDefined": false
      },
      {
        "text": "assistant secouriste",
        "meta": "@sys.ignore",
        "userDefined": false
      }
    ],
    "isTemplate": false,
    "count": 0,
    "updated": 1544012595
  },
  {
    "id": "58ab3aa7-186a-46e9-9c2d-5c4a9d1f518b",
    "data": [
      {
        "text": "menu ",
        "userDefined": false
      },
      {
        "text": "assistant",
        "meta": "@sys.ignore",
        "userDefined": false
      }
    ],
    "isTemplate": false,
    "count": 0,
    "updated": 1544012595
  },
  {
    "id": "3e17d549-9938-406d-8f28-ae006af8e733",
    "data": [
      {
        "text": "menu ",
        "userDefined": false
      },
      {
        "text": "formation",
        "meta": "@sys.ignore",
        "userDefined": false
      }
    ],
    "isTemplate": false,
    "count": 0,
    "updated": 1544012595
  },
  {
    "id": "f74298e9-ab68-4244-a37f-c6233a2996a0",
    "data": [
      {
        "text": "menu ",
        "userDefined": false
      },
      {
        "text": "formateur",
        "meta": "@sys.ignore",
        "userDefined": false
      }
    ],
    "isTemplate": false,
    "count": 0,
    "updated": 1544012595
  },
  {
    "id": "73892e2b-b64c-4c3b-9f70-e5b1b09ec3fe",
    "data": [
      {
        "text": "menu ",
        "userDefined": false
      },
      {
        "text": "paramétrage",
        "meta": "@sys.ignore",
        "userDefined": false
      }
    ],
    "isTemplate": false,
    "count": 0,
    "updated": 1544012595
  },
  {
    "id": "90114e46-6c20-4093-b159-a0a2d7837017",
    "data": [
      {
        "text": "menu ",
        "userDefined": false
      },
      {
        "text": "configuration",
        "meta": "@sys.ignore",
        "userDefined": false
      }
    ],
    "isTemplate": false,
    "count": 0,
    "updated": 1544012595
  },
  {
    "id": "430f6fa4-be6c-42b0-a0a1-d93c54665d45",
    "data": [
      {
        "text": "menu paramétrer",
        "userDefined": false
      }
    ],
    "isTemplate": false,
    "count": 0,
    "updated": 1544012595
  },
  {
    "id": "453030f1-7df2-4c3a-9504-bb20342fe899",
    "data": [
      {
        "text": "menu démo",
        "userDefined": false
      }
    ],
    "isTemplate": false,
    "count": 0,
    "updated": 1544012595
  },
  {
    "id": "66bcd5ca-2008-4e5e-a3da-63e31a9e0833",
    "data": [
      {
        "text": "menu stopper",
        "userDefined": false
      }
    ],
    "isTemplate": false,
    "count": 0,
    "updated": 1544012595
  },
  {
    "id": "50de04d2-1a91-41a4-bea9-35fbc9cef9f5",
    "data": [
      {
        "text": "menu aide",
        "meta": "@sys.ignore",
        "userDefined": false
      }
    ],
    "isTemplate": false,
    "count": 0,
    "updated": 1544003986
  },
  {
    "id": "05a3e2a1-f695-4ddb-8439-af40f3db1d38",
    "data": [
      {
        "text": "menu mode",
        "meta": "@sys.ignore",
        "userDefined": false
      }
    ],
    "isTemplate": false,
    "count": 0,
    "updated": 1544004158
  },
  {
    "id": "ae9eb618-e44f-4ebb-bd28-b82f416a15f1",
    "data": [
      {
        "text": "menu au revoir",
        "userDefined": false
      }
    ],
    "isTemplate": false,
    "count": 0,
    "updated": 1544003986
  },
  {
    "id": "4fce6bdb-3ad2-446c-bbe4-0d29752e7010",
    "data": [
      {
        "text": "menu arrêter",
        "userDefined": false
      }
    ],
    "isTemplate": false,
    "count": 0,
    "updated": 1544003986
  },
  {
    "id": "170f54bc-1eb9-45de-9a12-5ceaa52522df",
    "data": [
      {
        "text": "menu quitter",
        "userDefined": false
      }
    ],
    "isTemplate": false,
    "count": 0,
    "updated": 1544003986
  }
]