[
  {
    "id": "93b4131d-58b0-4b0b-9e86-69e17549df4b",
    "data": [
      {
        "text": "mode",
        "meta": "@sys.ignore",
        "userDefined": false
      },
      {
        "text": " ",
        "userDefined": false
      },
      {
        "text": "guide",
        "meta": "@sys.ignore",
        "userDefined": false
      }
    ],
    "isTemplate": false,
    "count": 0,
    "updated": 1544012633
  },
  {
    "id": "5d896c1e-574e-48ca-8e51-a11c1643b9db",
    "data": [
      {
        "text": "mode",
        "meta": "@sys.ignore",
        "userDefined": false
      },
      {
        "text": " ",
        "userDefined": false
      },
      {
        "text": "aide",
        "meta": "@sys.ignore",
        "userDefined": false
      }
    ],
    "isTemplate": false,
    "count": 0,
    "updated": 1544012633
  },
  {
    "id": "3393c2e7-ad38-411f-80ea-c4879d2a885b",
    "data": [
      {
        "text": "mode démo",
        "userDefined": false
      }
    ],
    "isTemplate": false,
    "count": 0,
    "updated": 1544012261
  },
  {
    "id": "358c4d6d-92a4-42e2-8857-9d43a3e8fa00",
    "data": [
      {
        "text": "mode paramétrage",
        "meta": "@sys.ignore",
        "userDefined": false
      }
    ],
    "isTemplate": false,
    "count": 0,
    "updated": 1544012633
  },
  {
    "id": "c834b549-89f9-485c-b714-24deefbd8508",
    "data": [
      {
        "text": "mode configuration",
        "userDefined": false
      }
    ],
    "isTemplate": false,
    "count": 0,
    "updated": 1544003509
  },
  {
    "id": "5f3f8584-dd4f-43d1-9a95-5a88833c22b1",
    "data": [
      {
        "text": "mode menu",
        "userDefined": false
      }
    ],
    "isTemplate": false,
    "count": 0,
    "updated": 1544003509
  },
  {
    "id": "d0cf6a77-ebff-4398-88c7-41e4b3563f16",
    "data": [
      {
        "text": "mode assistant",
        "meta": "@sys.ignore",
        "userDefined": false
      },
      {
        "text": " secouriste",
        "userDefined": false
      }
    ],
    "isTemplate": false,
    "count": 0,
    "updated": 1544012633
  },
  {
    "id": "d1b94c83-2c29-4a74-b35d-ce790d3e9050",
    "data": [
      {
        "text": "mode assistant",
        "meta": "@sys.ignore",
        "userDefined": false
      }
    ],
    "isTemplate": false,
    "count": 0,
    "updated": 1544012633
  },
  {
    "id": "37ede41d-4fb8-4ac2-b6f8-2534dae7cd1e",
    "data": [
      {
        "text": "mode formateur",
        "meta": "@sys.ignore",
        "userDefined": false
      }
    ],
    "isTemplate": false,
    "count": 0,
    "updated": 1544012633
  },
  {
    "id": "ac6f1ac6-a09a-45f2-8048-380b953afeec",
    "data": [
      {
        "text": "mode formation",
        "userDefined": false
      }
    ],
    "isTemplate": false,
    "count": 0,
    "updated": 1544003509
  }
]