[
  {
    "id": "13061e5d-18a7-46e7-bd73-2208bb80500d",
    "data": [
      {
        "text": "traumatisme crânien",
        "userDefined": false
      }
    ],
    "isTemplate": false,
    "count": 0,
    "updated": 1543094162
  },
  {
    "id": "b50f7eeb-056f-4826-8b2e-7f2644b404cb",
    "data": [
      {
        "text": "traumatisme d\u0027",
        "userDefined": false
      },
      {
        "text": "un",
        "meta": "@sys.ignore",
        "userDefined": false
      },
      {
        "text": " membre",
        "userDefined": false
      }
    ],
    "isTemplate": false,
    "count": 0,
    "updated": 1543356159
  },
  {
    "id": "6f0f5fca-15df-4315-b5c5-351ac85d12c8",
    "data": [
      {
        "text": "intoxication alimentaire",
        "userDefined": false
      }
    ],
    "isTemplate": false,
    "count": 0,
    "updated": 1543094162
  },
  {
    "id": "6ba6f927-498b-4dc9-a6c5-9d0681cd79ce",
    "data": [
      {
        "text": "se plaint de brûlure",
        "userDefined": false
      }
    ],
    "isTemplate": false,
    "count": 0,
    "updated": 1543094162
  },
  {
    "id": "e48d43a5-27f8-4194-9363-1b9c2d79ec8a",
    "data": [
      {
        "text": "brûluresse",
        "userDefined": false
      }
    ],
    "isTemplate": false,
    "count": 0,
    "updated": 1543094162
  },
  {
    "id": "d3f9ebdb-7c56-4efa-bddf-7c547bf70057",
    "data": [
      {
        "text": "renversement par ",
        "userDefined": false
      },
      {
        "text": "une",
        "meta": "@sys.ignore",
        "userDefined": false
      },
      {
        "text": " voiture",
        "userDefined": false
      }
    ],
    "isTemplate": false,
    "count": 0,
    "updated": 1543356159
  },
  {
    "id": "ae870875-7cfc-4d45-9fd9-172342404bbf",
    "data": [
      {
        "text": "accident dans la rue",
        "userDefined": false
      }
    ],
    "isTemplate": false,
    "count": 0,
    "updated": 1543094162
  },
  {
    "id": "a3909047-d97b-403f-8203-1a46a02cbb28",
    "data": [
      {
        "text": "accident voiture",
        "userDefined": false
      }
    ],
    "isTemplate": false,
    "count": 0,
    "updated": 1543094162
  },
  {
    "id": "c33176a8-11c3-425f-9faa-2b67038a96b9",
    "data": [
      {
        "text": "accident vélo",
        "userDefined": false
      }
    ],
    "isTemplate": false,
    "count": 0,
    "updated": 1543094162
  },
  {
    "id": "2fea2f24-969e-4d54-b632-cce7bf9a59b1",
    "data": [
      {
        "text": "accident moto",
        "userDefined": false
      }
    ],
    "isTemplate": false,
    "count": 0,
    "updated": 1543094162
  },
  {
    "id": "e67f4fa9-718c-457a-9ade-320c07a13647",
    "data": [
      {
        "text": "blessure par arme blanche",
        "userDefined": false
      }
    ],
    "isTemplate": false,
    "count": 0,
    "updated": 1543094162
  },
  {
    "id": "f516d4fb-e3ad-48e3-ba6f-f515cad8cb89",
    "data": [
      {
        "text": "blessure par bal",
        "userDefined": false
      }
    ],
    "isTemplate": false,
    "count": 0,
    "updated": 1543094162
  },
  {
    "id": "2a2fbae2-69ee-4f5a-abec-06f6dbc31975",
    "data": [
      {
        "text": "inconsciente mais respire",
        "userDefined": false
      }
    ],
    "isTemplate": false,
    "count": 0,
    "updated": 1543094162
  },
  {
    "id": "eb381816-0dbb-48a3-a2d2-1b277290aca0",
    "data": [
      {
        "text": "inconsciente",
        "userDefined": false
      }
    ],
    "isTemplate": false,
    "count": 0,
    "updated": 1543094162
  },
  {
    "id": "13304194-5024-472e-9554-43316f6c6489",
    "data": [
      {
        "text": "respire",
        "userDefined": false
      }
    ],
    "isTemplate": false,
    "count": 0,
    "updated": 1543094162
  },
  {
    "id": "f3c7742f-ed42-4c85-ba43-73aae5e9131d",
    "data": [
      {
        "text": "ne respire plus",
        "userDefined": false
      }
    ],
    "isTemplate": false,
    "count": 0,
    "updated": 1543094162
  },
  {
    "id": "a5af77ea-4866-45f5-ba6e-e7f4a102e171",
    "data": [
      {
        "text": "obstruction totale",
        "userDefined": false
      }
    ],
    "isTemplate": false,
    "count": 0,
    "updated": 1543094162
  },
  {
    "id": "33fab1bc-dce9-497b-a49f-40bf3db26b13",
    "data": [
      {
        "text": "ne peut plus parler",
        "userDefined": false
      }
    ],
    "isTemplate": false,
    "count": 0,
    "updated": 1543094162
  },
  {
    "id": "eb490627-670c-4515-b269-d478c3d35ecc",
    "data": [
      {
        "text": "obstruction partielle",
        "userDefined": false
      }
    ],
    "isTemplate": false,
    "count": 0,
    "updated": 1543094162
  },
  {
    "id": "c82994fe-0db0-466a-ad2f-dcda36206571",
    "data": [
      {
        "text": "obstruction de la gorge",
        "userDefined": false
      }
    ],
    "isTemplate": false,
    "count": 0,
    "updated": 1543094162
  },
  {
    "id": "c216d7f4-dba9-4dbf-9ce2-da8bd7ef7088",
    "data": [
      {
        "text": "réanimation cardio pulmonaire",
        "userDefined": false
      }
    ],
    "isTemplate": false,
    "count": 0,
    "updated": 1543415566
  },
  {
    "id": "cf91a0fa-71f0-41b2-8ec2-5f5038baae8a",
    "data": [
      {
        "text": "RCP",
        "userDefined": false
      }
    ],
    "isTemplate": false,
    "count": 0,
    "updated": 1543415566
  },
  {
    "id": "1b9aca75-c7d2-40b9-831a-237c3f77426e",
    "data": [
      {
        "text": "étouffement",
        "userDefined": false
      }
    ],
    "isTemplate": false,
    "count": 0,
    "updated": 1543094162
  },
  {
    "id": "4d592978-b991-49f9-8b01-dbc260ad96fc",
    "data": [
      {
        "text": "s\u0027étouffe",
        "userDefined": false
      }
    ],
    "isTemplate": false,
    "count": 0,
    "updated": 1543094162
  },
  {
    "id": "f352c9ed-8af6-4d7d-9a34-eccd09744e0c",
    "data": [
      {
        "text": "AVC",
        "userDefined": false
      }
    ],
    "isTemplate": false,
    "count": 0,
    "updated": 1543094162
  },
  {
    "id": "22022ebb-47d9-4646-b4db-28fb0a34dea1",
    "data": [
      {
        "text": "saigne abondamment",
        "userDefined": false
      }
    ],
    "isTemplate": false,
    "count": 0,
    "updated": 1543094162
  },
  {
    "id": "17ca3ba8-6449-426c-bf93-5cd3408154b7",
    "data": [
      {
        "text": "saigne fortement",
        "userDefined": false
      }
    ],
    "isTemplate": false,
    "count": 0,
    "updated": 1543094162
  },
  {
    "id": "c05ed8e5-fbe9-4329-b843-a2345b8f076a",
    "data": [
      {
        "text": "saignement",
        "userDefined": false
      }
    ],
    "isTemplate": false,
    "count": 0,
    "updated": 1543094162
  },
  {
    "id": "ab39ac1b-d217-4478-ab29-7dc32fca2536",
    "data": [
      {
        "text": "étourdissement",
        "userDefined": false
      }
    ],
    "isTemplate": false,
    "count": 0,
    "updated": 1542388521
  },
  {
    "id": "06619601-c9ff-48e3-b1dd-a0d912dd6533",
    "data": [
      {
        "text": "forte douleur à la poitrine",
        "userDefined": false
      }
    ],
    "isTemplate": false,
    "count": 0,
    "updated": 1542388521
  },
  {
    "id": "88d2198d-8e69-41d1-9f0f-0290a6f7b691",
    "data": [
      {
        "text": "douleur à la poitrine",
        "userDefined": false
      }
    ],
    "isTemplate": false,
    "count": 0,
    "updated": 1542388521
  },
  {
    "id": "04fcd1a3-bda1-4619-b282-1665f796981c",
    "data": [
      {
        "text": "envie de vomir",
        "userDefined": false
      }
    ],
    "isTemplate": false,
    "count": 0,
    "updated": 1542388521
  },
  {
    "id": "9a4b47e4-7899-4da8-bc53-b296d50fae54",
    "data": [
      {
        "text": "mal à la tête",
        "userDefined": false
      }
    ],
    "isTemplate": false,
    "count": 0,
    "updated": 1542388521
  },
  {
    "id": "135610f8-51b5-452f-95d2-16e55b8d1135",
    "data": [
      {
        "text": "douleur à la tête",
        "userDefined": false
      }
    ],
    "isTemplate": false,
    "count": 0,
    "updated": 1542388521
  },
  {
    "id": "762246c5-0cfa-478b-9195-7cfd6499e752",
    "data": [
      {
        "text": "forte douleur à la tête",
        "userDefined": false
      }
    ],
    "isTemplate": false,
    "count": 0,
    "updated": 1542388521
  }
]