[
  {
    "id": "5ea40163-9e9b-4fc0-a2e8-9653d429b6b8",
    "data": [
      {
        "text": "non il n\u0027est pas conscient",
        "userDefined": false
      }
    ],
    "isTemplate": false,
    "count": 0,
    "updated": 1544202113
  },
  {
    "id": "3ea67891-649f-4621-b4f3-3baa3b0a9e62",
    "data": [
      {
        "text": "il n\u0027est pas conscient",
        "userDefined": false
      }
    ],
    "isTemplate": false,
    "count": 0,
    "updated": 1544202113
  },
  {
    "id": "4ea2c20f-574a-4ef9-92ea-70c496c605e3",
    "data": [
      {
        "text": "non elle n\u0027est pas consciente",
        "userDefined": false
      }
    ],
    "isTemplate": false,
    "count": 0,
    "updated": 1544202113
  },
  {
    "id": "2775e21f-b2f1-4658-aabb-c323a2e343c6",
    "data": [
      {
        "text": "non pas consciente",
        "userDefined": false
      }
    ],
    "isTemplate": false,
    "count": 0,
    "updated": 1544202113
  },
  {
    "id": "ae55d52f-76e3-464f-81af-5ef05a480201",
    "data": [
      {
        "text": "non",
        "userDefined": false
      }
    ],
    "isTemplate": false,
    "count": 3,
    "updated": 1544202113
  },
  {
    "id": "187a57b2-9d95-4b47-b164-b6d3f45163ef",
    "data": [
      {
        "text": "je ne crois pas",
        "userDefined": false
      }
    ],
    "isTemplate": false,
    "count": 2,
    "updated": 1544202113
  },
  {
    "id": "4672ab03-4d01-4e1d-9342-4fc3111433d5",
    "data": [
      {
        "text": "pas vraiment",
        "userDefined": false
      }
    ],
    "isTemplate": false,
    "count": 1,
    "updated": 1544202113
  }
]