[
  {
    "id": "b2545908-38ca-4b89-9c2f-9f82614c1e36",
    "data": [
      {
        "text": "il est conscient",
        "userDefined": false
      }
    ],
    "isTemplate": false,
    "count": 0,
    "updated": 1544202045
  },
  {
    "id": "aa51ba51-cd29-452d-8356-953635e5bf0f",
    "data": [
      {
        "text": "oui consciente",
        "userDefined": false
      }
    ],
    "isTemplate": false,
    "count": 0,
    "updated": 1544202045
  },
  {
    "id": "84cbdc31-d411-40bc-a582-aa5fb51c2ec5",
    "data": [
      {
        "text": "elle est consciente",
        "userDefined": false
      }
    ],
    "isTemplate": false,
    "count": 0,
    "updated": 1544202045
  },
  {
    "id": "16d23393-1221-46de-ab7f-5cc19fd0abcb",
    "data": [
      {
        "text": "oui je crois peut-être",
        "userDefined": false
      }
    ],
    "isTemplate": false,
    "count": 0,
    "updated": 1544202045
  },
  {
    "id": "9c572ca4-0bb4-4f48-bdb1-899ab9d393b4",
    "data": [
      {
        "text": "oui il est conscient",
        "userDefined": false
      }
    ],
    "isTemplate": false,
    "count": 0,
    "updated": 1544202045
  },
  {
    "id": "a6a8d5ff-aa8c-4047-8414-d3cdd6c3d43f",
    "data": [
      {
        "text": "oui en effet la personne est conciente",
        "userDefined": false
      }
    ],
    "isTemplate": false,
    "count": 0,
    "updated": 1544202045
  },
  {
    "id": "52a2498d-d737-40db-a63a-11188c8b22dc",
    "data": [
      {
        "text": "la victime est bien consciente",
        "userDefined": false
      }
    ],
    "isTemplate": false,
    "count": 0,
    "updated": 1544202045
  },
  {
    "id": "237d18a8-5b9e-48f6-a04b-71815a86af29",
    "data": [
      {
        "text": "c\u0027est correct",
        "userDefined": false
      }
    ],
    "isTemplate": false,
    "count": 0,
    "updated": 1544202045
  },
  {
    "id": "637a765d-638b-44ef-a1ba-598e529e5603",
    "data": [
      {
        "text": "bien sûr",
        "userDefined": false
      }
    ],
    "isTemplate": false,
    "count": 1,
    "updated": 1544202045
  },
  {
    "id": "bf21f1c3-5785-41fe-95fa-de1fc9b9bc8f",
    "data": [
      {
        "text": "elle est bien consciente",
        "userDefined": false
      }
    ],
    "isTemplate": false,
    "count": 0,
    "updated": 1544202045
  },
  {
    "id": "8a453073-335f-4ddb-baeb-606acad35e3c",
    "data": [
      {
        "text": "oui",
        "userDefined": false
      }
    ],
    "isTemplate": false,
    "count": 1,
    "updated": 1527116976
  }
]