[
  {
    "id": "4475f463-dd28-4180-b1cc-4ac4a43af838",
    "data": [
      {
        "text": "fais-le",
        "userDefined": false
      }
    ],
    "isTemplate": false,
    "count": 2,
    "updated": 1527205108
  },
  {
    "id": "58527023-7224-4b6a-9b52-be385ea64e94",
    "data": [
      {
        "text": "oui",
        "userDefined": false
      }
    ],
    "isTemplate": false,
    "count": 1,
    "updated": 1527205108
  },
  {
    "id": "0c7f8db0-d199-4d83-8758-8bfadaf7ab80",
    "data": [
      {
        "text": "bien sûr",
        "userDefined": false
      }
    ],
    "isTemplate": false,
    "count": 1,
    "updated": 1527205108
  },
  {
    "id": "9aedb5ea-af43-4e80-b6e6-9aa82125022a",
    "data": [
      {
        "text": "oui je veux bien",
        "userDefined": false
      }
    ],
    "isTemplate": false,
    "count": 0,
    "updated": 1527205108
  },
  {
    "id": "038349f9-5c48-4c11-9050-dbd4a9425205",
    "data": [
      {
        "text": "oui plus d\u0027info",
        "userDefined": false
      }
    ],
    "isTemplate": false,
    "count": 0,
    "updated": 1527205108
  },
  {
    "id": "4a8a43b7-570c-4edf-8418-ad8185886abf",
    "data": [
      {
        "text": "oui s\u0027il te plait",
        "userDefined": false
      }
    ],
    "isTemplate": false,
    "count": 0,
    "updated": 1527205108
  },
  {
    "id": "b8b2ba09-143b-4dbf-8f9c-ee2fd54c471e",
    "data": [
      {
        "text": "ça me va",
        "userDefined": false
      }
    ],
    "isTemplate": false,
    "count": 1,
    "updated": 1527205108
  },
  {
    "id": "65353468-cb19-44a9-9523-691061f49b70",
    "data": [
      {
        "text": "oui bonne idée",
        "userDefined": false
      }
    ],
    "isTemplate": false,
    "count": 0,
    "updated": 1527205108
  },
  {
    "id": "ebff91d4-e369-4d08-8b9b-e53a26e85bbe",
    "data": [
      {
        "text": "d\u0027accord",
        "userDefined": false
      }
    ],
    "isTemplate": false,
    "count": 2,
    "updated": 1527205108
  },
  {
    "id": "e77e3911-00f1-4448-ae6e-2892ba518c28",
    "data": [
      {
        "text": "confirmer",
        "userDefined": false
      }
    ],
    "isTemplate": false,
    "count": 0,
    "updated": 1527205108
  }
]