[
  {
    "id": "2972f750-18e5-43d4-931f-e351e7fa8c0b",
    "data": [
      {
        "text": "geste pls",
        "userDefined": false
      }
    ],
    "isTemplate": false,
    "count": 0,
    "updated": 1543414107
  },
  {
    "id": "2b795bef-d636-43bf-b221-33919503d5b1",
    "data": [
      {
        "text": "position latérale sécurité",
        "userDefined": false
      }
    ],
    "isTemplate": false,
    "count": 0,
    "updated": 1543414107
  },
  {
    "id": "3fc891a5-c462-471e-a4f7-b36b41c74403",
    "data": [
      {
        "text": "position latérale de sécurité",
        "userDefined": false
      }
    ],
    "isTemplate": false,
    "count": 0,
    "updated": 1543414107
  },
  {
    "id": "beeef23b-4e8b-41fa-9693-24f614c3b6c2",
    "data": [
      {
        "text": "pls",
        "userDefined": false
      }
    ],
    "isTemplate": false,
    "count": 0,
    "updated": 1543414107
  }
]