[
  {
    "id": "d28bb88e-c44b-4177-bee5-3d37945cf089",
    "data": [
      {
        "text": "supprimer tous les ",
        "userDefined": false
      },
      {
        "text": "risques éventuels",
        "meta": "@sys.ignore",
        "userDefined": false
      }
    ],
    "isTemplate": false,
    "count": 0,
    "updated": 1543415216
  },
  {
    "id": "2a43ed5e-9ccc-4e1d-860f-73cf22c41775",
    "data": [
      {
        "text": "éviter le sur-accident",
        "userDefined": false
      }
    ],
    "isTemplate": false,
    "count": 0,
    "updated": 1543415216
  },
  {
    "id": "8a1b472a-db4e-47fe-a62e-417619c35202",
    "data": [
      {
        "text": "protéger la victime",
        "userDefined": false
      }
    ],
    "isTemplate": false,
    "count": 0,
    "updated": 1543415216
  },
  {
    "id": "13153291-e736-49df-a472-ec61c68cd4de",
    "data": [
      {
        "text": "protéger",
        "userDefined": false
      }
    ],
    "isTemplate": false,
    "count": 0,
    "updated": 1543415216
  }
]