[
  {
    "id": "7e403f1a-4315-454c-87a4-71e2589a47a3",
    "data": [
      {
        "text": "geste rcp",
        "userDefined": false
      }
    ],
    "isTemplate": false,
    "count": 0,
    "updated": 1543414262
  },
  {
    "id": "c254fd8c-754d-4999-aeb3-97bb1044be10",
    "data": [
      {
        "text": "massage cardiaque",
        "userDefined": false
      }
    ],
    "isTemplate": false,
    "count": 0,
    "updated": 1543413961
  },
  {
    "id": "2c3d5e73-c29c-46d2-b217-3d310cbdcb05",
    "data": [
      {
        "text": "réanimation cardio pulmonaire",
        "userDefined": false
      }
    ],
    "isTemplate": false,
    "count": 0,
    "updated": 1543413961
  },
  {
    "id": "6f51f968-8c99-4210-a8f7-693f07a181ad",
    "data": [
      {
        "text": "rcp",
        "userDefined": false
      }
    ],
    "isTemplate": false,
    "count": 0,
    "updated": 1543413961
  }
]