[
  {
    "id": "307aeb43-9088-42cb-89f2-52734693c0d3",
    "data": [
      {
        "text": "confirmer",
        "userDefined": false
      }
    ],
    "isTemplate": false,
    "count": 0,
    "updated": 1544204086
  },
  {
    "id": "05f9482a-8fd4-449f-853f-6e3e228ca3e2",
    "data": [
      {
        "text": "d\u0027accord",
        "userDefined": false
      }
    ],
    "isTemplate": false,
    "count": 0,
    "updated": 1544204086
  },
  {
    "id": "5824118e-2331-499a-a979-9bcb9234dcc8",
    "data": [
      {
        "text": "oui bonne idée",
        "userDefined": false
      }
    ],
    "isTemplate": false,
    "count": 0,
    "updated": 1544204086
  },
  {
    "id": "c97ff1f3-b398-48dd-bf83-a50d0068a769",
    "data": [
      {
        "text": "oui pourquoi pas",
        "userDefined": false
      }
    ],
    "isTemplate": false,
    "count": 0,
    "updated": 1544204086
  },
  {
    "id": "ce0ca8a8-3a56-4ecf-bf08-43546dc4a7e9",
    "data": [
      {
        "text": "oui je veux bien des infos sur la procedure",
        "userDefined": false
      }
    ],
    "isTemplate": false,
    "count": 0,
    "updated": 1544204086
  },
  {
    "id": "bce0915c-f694-4c85-beed-9ae8ca93f44f",
    "data": [
      {
        "text": "plus d\u0027info RCP",
        "userDefined": false
      }
    ],
    "isTemplate": false,
    "count": 0,
    "updated": 1544202594
  },
  {
    "id": "152296fa-78f4-42aa-be8b-a027fc450f7c",
    "data": [
      {
        "text": "informations complémenatires",
        "userDefined": false
      }
    ],
    "isTemplate": false,
    "count": 0,
    "updated": 1544202594
  },
  {
    "id": "3a95ae13-46a1-48bf-9e84-72435567009f",
    "data": [
      {
        "text": "oui",
        "userDefined": false
      }
    ],
    "isTemplate": false,
    "count": 0,
    "updated": 1544202594
  },
  {
    "id": "c367bf26-1020-4bf7-a521-19e711131488",
    "data": [
      {
        "text": "oui plus d\u0027informations",
        "userDefined": false
      }
    ],
    "isTemplate": false,
    "count": 0,
    "updated": 1544202594
  },
  {
    "id": "69274264-dc15-409a-a327-391441a26030",
    "data": [
      {
        "text": "plus d\u0027infos",
        "userDefined": false
      }
    ],
    "isTemplate": false,
    "count": 0,
    "updated": 1544202594
  },
  {
    "id": "e3188737-b24c-4e05-9f52-d77c1fc464c6",
    "data": [
      {
        "text": "RCP ",
        "userDefined": false
      },
      {
        "text": "vidéo",
        "meta": "@sys.ignore",
        "userDefined": false
      }
    ],
    "isTemplate": false,
    "count": 0,
    "updated": 1544202594
  },
  {
    "id": "9fedce70-13eb-4903-8ad9-fe13ec297ad6",
    "data": [
      {
        "text": "RCP",
        "userDefined": false
      }
    ],
    "isTemplate": false,
    "count": 0,
    "updated": 1544202594
  }
]