[
  {
    "id": "f1224134-aa9f-429d-a26b-504df610774e",
    "data": [
      {
        "text": "je n\u0027en veux pas",
        "userDefined": false
      }
    ],
    "isTemplate": false,
    "count": 0,
    "updated": 1544204029
  },
  {
    "id": "c577fcd7-1416-46de-b485-85a9bcf77798",
    "data": [
      {
        "text": "je connais deja la procedure",
        "userDefined": false
      }
    ],
    "isTemplate": false,
    "count": 0,
    "updated": 1544204029
  },
  {
    "id": "0763f519-5cc7-4821-95e2-d088f7b9d343",
    "data": [
      {
        "text": "ça m\u0027intéresse pas",
        "userDefined": false
      }
    ],
    "isTemplate": false,
    "count": 0,
    "updated": 1544204029
  },
  {
    "id": "2fc35f6f-dcab-46b4-97b8-40252af02f7b",
    "data": [
      {
        "text": "pas besoin",
        "userDefined": false
      }
    ],
    "isTemplate": false,
    "count": 0,
    "updated": 1544204029
  },
  {
    "id": "1e5754a4-4624-4cd7-bdab-f09db088dc6b",
    "data": [
      {
        "text": "non ",
        "userDefined": false
      },
      {
        "text": "merci",
        "meta": "@sys.ignore",
        "userDefined": false
      }
    ],
    "isTemplate": false,
    "count": 0,
    "updated": 1544204029
  },
  {
    "id": "fad135a4-af71-4eb4-bc0a-69b4cf54cd59",
    "data": [
      {
        "text": "non je sais faire",
        "userDefined": false
      }
    ],
    "isTemplate": false,
    "count": 0,
    "updated": 1544203478
  },
  {
    "id": "5bfe5376-4757-44dc-b694-7bde9bf08f24",
    "data": [
      {
        "text": "non",
        "userDefined": false
      }
    ],
    "isTemplate": false,
    "count": 0,
    "updated": 1544203478
  },
  {
    "id": "9df50de2-3d72-41ea-a829-47bde4f55c91",
    "data": [
      {
        "text": "non pas besoin",
        "userDefined": false
      }
    ],
    "isTemplate": false,
    "count": 0,
    "updated": 1544203478
  }
]