[
  {
    "id": "f652afa3-d12d-45ee-8d57-597d26fee892",
    "data": [
      {
        "text": "où suis-je",
        "userDefined": false
      }
    ],
    "isTemplate": false,
    "count": 0,
    "updated": 1544107110
  },
  {
    "id": "2ed3f215-4d5a-4b8a-85c4-96bfdaa186bf",
    "data": [
      {
        "text": "localise ",
        "userDefined": false
      },
      {
        "text": "moi",
        "alias": "date-period",
        "meta": "@sys.date-period",
        "userDefined": false
      }
    ],
    "isTemplate": false,
    "count": 0,
    "updated": 1544107110
  },
  {
    "id": "afd1e68b-b608-4151-a968-ee8989d2780f",
    "data": [
      {
        "text": "trouve ma position",
        "userDefined": false
      }
    ],
    "isTemplate": false,
    "count": 0,
    "updated": 1544107110
  }
]