[
  {
    "id": "24b6175e-4f3b-478a-b780-73e7dc7885a0",
    "data": [
      {
        "text": "localise ",
        "userDefined": false
      },
      {
        "text": "moi",
        "alias": "date-period",
        "meta": "@sys.date-period",
        "userDefined": false
      }
    ],
    "isTemplate": false,
    "count": 0,
    "updated": 1543469098
  },
  {
    "id": "6330343a-cd50-4f4d-b51b-3c5f6aab276c",
    "data": [
      {
        "text": "donne ma position",
        "userDefined": false
      }
    ],
    "isTemplate": false,
    "count": 0,
    "updated": 1543469098
  },
  {
    "id": "8ac7295f-8278-47f1-b1ee-5e34d617ceff",
    "data": [
      {
        "text": "où suis-je?",
        "userDefined": false
      }
    ],
    "isTemplate": false,
    "count": 0,
    "updated": 1543469098
  }
]