[
  {
    "id": "884a5b03-3981-4614-87ba-3ffd8fa4f0de",
    "data": [
      {
        "text": "oui elle respire",
        "userDefined": false
      }
    ],
    "isTemplate": false,
    "count": 0,
    "updated": 1527198747
  },
  {
    "id": "eea8a7a1-8503-413f-b53f-e66c377fc231",
    "data": [
      {
        "text": "c\u0027est correct",
        "userDefined": false
      }
    ],
    "isTemplate": false,
    "count": 0,
    "updated": 1527198747
  },
  {
    "id": "8d44c56e-6ed8-4521-b7c0-79a096ea4cdf",
    "data": [
      {
        "text": "oui a personne respire bien",
        "userDefined": false
      }
    ],
    "isTemplate": false,
    "count": 0,
    "updated": 1527198747
  },
  {
    "id": "e8dde194-93d5-432c-a4e6-f697ed4da453",
    "data": [
      {
        "text": "oui",
        "userDefined": false
      }
    ],
    "isTemplate": false,
    "count": 1,
    "updated": 1527198747
  },
  {
    "id": "41381657-f6a8-4e78-9c00-b7532242da0f",
    "data": [
      {
        "text": "bien sûr",
        "userDefined": false
      }
    ],
    "isTemplate": false,
    "count": 1,
    "updated": 1527198747
  },
  {
    "id": "c1d04073-6021-43b6-acea-c4a6928c4568",
    "data": [
      {
        "text": "oui je crois peut-être",
        "userDefined": false
      }
    ],
    "isTemplate": false,
    "count": 0,
    "updated": 1527203246
  }
]