[
  {
    "id": "f5c3a258-89a6-4a28-94ef-6f494322c91a",
    "data": [
      {
        "text": "elle s\u0027est ouvert la ",
        "userDefined": false
      },
      {
        "text": "peau",
        "meta": "@sys.ignore",
        "userDefined": false
      }
    ],
    "isTemplate": false,
    "count": 0,
    "updated": 1527117759
  },
  {
    "id": "6add40e5-a073-4267-9114-3d264e54d64c",
    "data": [
      {
        "text": "elle saigne",
        "userDefined": false
      }
    ],
    "isTemplate": false,
    "count": 0,
    "updated": 1527117759
  },
  {
    "id": "36bacf8e-13a9-453b-bc9a-9f97a415fb0f",
    "data": [
      {
        "text": "saignement",
        "userDefined": false
      }
    ],
    "isTemplate": false,
    "count": 0,
    "updated": 1527117759
  }
]