[
  {
    "value": "Nom",
    "synonyms": [
      "Nom"
    ]
  },
  {
    "value": "Prénom",
    "synonyms": [
      "Prénom"
    ]
  },
  {
    "value": "Tél",
    "synonyms": [
      "Tél"
    ]
  },
  {
    "value": "GPS",
    "synonyms": [
      "GPS"
    ]
  },
  {
    "value": "Nbre_de_victime",
    "synonyms": [
      "Nbre_de_victime"
    ]
  },
  {
    "value": "Numéro Borne",
    "synonyms": [
      "Numéro Borne"
    ]
  },
  {
    "value": "Nature du problème",
    "synonyms": [
      "Nature du problème"
    ]
  },
  {
    "value": "Risques éventuels",
    "synonyms": [
      "Risques éventuels"
    ]
  },
  {
    "value": "L\u0027état de chaque victime",
    "synonyms": [
      "L\u0027état de chaque victime"
    ]
  },
  {
    "value": "Premières mesures prises",
    "synonyms": [
      "Premières mesures prises"
    ]
  },
  {
    "value": "La_victime_est_seule",
    "synonyms": [
      "La_victime_est_seule"
    ]
  },
  {
    "value": "Description",
    "synonyms": [
      "Description"
    ]
  },
  {
    "value": "Il_y_a_un_témoin",
    "synonyms": [
      "Il_y_a_un_témoin"
    ]
  }
]